Nombre del Producto,URL de la Imagen
Poppy Playtime - Chapter 4,https://store.steampowered.com./pagina_files/capsule_184x69.jpg
Marvel's Spider-Man 2 - Digital Deluxe Upgrade,https://store.steampowered.com./pagina_files/capsule_184x69(1).jpg
Marvel's Spider-Man 2,https://store.steampowered.com./pagina_files/capsule_184x69(2).jpg
Sniper Elite: Resistance,https://store.steampowered.com./pagina_files/capsule_184x69(3).jpg
The Headliners,https://store.steampowered.com./pagina_files/capsule_184x69(4).jpg
Hello Kitty Island Adventure - Edición Deluxe,https://store.steampowered.com./pagina_files/capsule_184x69(5).jpg
Hello Kitty Island Adventure,https://store.steampowered.com./pagina_files/capsule_184x69(6).jpg
カードファイト!! ヴァンガード ディアデイズ2,https://store.steampowered.com./pagina_files/capsule_184x69(7).jpg
Coridden,https://store.steampowered.com./pagina_files/capsule_184x69(8).jpg
Kiosk,https://store.steampowered.com./pagina_files/capsule_184x69(9).jpg
Call of Duty®: Black Ops 6 - BlackCell (Temporada 2),https://store.steampowered.com./pagina_files/capsule_184x69(10).jpg
Tails of Iron 2: Whiskers of Winter,https://store.steampowered.com./pagina_files/capsule_184x69(11).jpg
Orcs Must Die! Deathtrap,https://store.steampowered.com./pagina_files/capsule_184x69(12).jpg
Dying Light,https://store.steampowered.com./pagina_files/capsule_184x69(13).jpg
NINJA GAIDEN 2 Black,https://store.steampowered.com./pagina_files/capsule_184x69(14).jpg
FINAL FANTASY VII REBIRTH,https://store.steampowered.com./pagina_files/capsule_184x69(15).jpg
ENDER MAGNOLIA: Bloom in the Mist,https://store.steampowered.com./pagina_files/capsule_184x69(16).jpg
Heroes of Hammerwatch II,https://store.steampowered.com./pagina_files/capsule_184x69(17).jpg
Murky Divers,https://store.steampowered.com./pagina_files/capsule_184x69(18).jpg
MiSide,https://store.steampowered.com./pagina_files/capsule_184x69(19).jpg
Indiana Jones y el Gran Círculo,https://store.steampowered.com./pagina_files/capsule_184x69_spanish.jpg
Marvel Rivals,https://store.steampowered.com./pagina_files/capsule_184x69(20).jpg
Void Crew,https://store.steampowered.com./pagina_files/capsule_184x69(21).jpg
S.T.A.L.K.E.R. 2: Heart of Chornobyl,https://store.steampowered.com./pagina_files/capsule_184x69(22).jpg
Luma Island,https://store.steampowered.com./pagina_files/capsule_184x69(23).jpg
Farming Simulator 25,https://store.steampowered.com./pagina_files/capsule_184x69(24).jpg
Call of Duty®: Black Ops 6,https://store.steampowered.com./pagina_files/capsule_184x69(25).jpg
Dragon Age™: The Veilguard,https://store.steampowered.com./pagina_files/capsule_184x69(26).jpg
Red Dead Redemption,https://store.steampowered.com./pagina_files/capsule_184x69_spanish(1).jpg
SONIC X SHADOW GENERATIONS,https://store.steampowered.com./pagina_files/capsule_184x69(27).jpg
Neva,https://store.steampowered.com./pagina_files/capsule_184x69(28).jpg
Metaphor: ReFantazio,https://store.steampowered.com./pagina_files/capsule_184x69(29).jpg
DRAGON BALL: Sparking! ZERO,https://store.steampowered.com./pagina_files/capsule_184x69(30).jpg
THRONE AND LIBERTY,https://store.steampowered.com./pagina_files/capsule_184x69(31).jpg
Mouthwashing,https://store.steampowered.com./pagina_files/capsule_184x69(32).jpg
Ravenswatch,https://store.steampowered.com./pagina_files/capsule_184x69(33).jpg
Regotown,https://store.steampowered.com./pagina_files/trans.gif
The Story Of,https://store.steampowered.com./pagina_files/trans.gif
Masquerade: Hell Academy,https://store.steampowered.com./pagina_files/trans.gif
The elevator,https://store.steampowered.com./pagina_files/trans.gif
Rolling Macho:Tumbling to Earth,https://store.steampowered.com./pagina_files/trans.gif
Goblins With Guns,https://store.steampowered.com./pagina_files/trans.gif
RBM Studio's Waterloo,https://store.steampowered.com./pagina_files/trans.gif
EPHEMERAL -MINIATURE GARDEN-,https://store.steampowered.com./pagina_files/trans.gif
That's Nuts!,https://store.steampowered.com./pagina_files/trans.gif
Stage Break Idle,https://store.steampowered.com./pagina_files/trans.gif
Dankenstoned’s Bongster’s Gram Smoker’s Stankula,https://store.steampowered.com./pagina_files/trans.gif
ReSetna,https://store.steampowered.com./pagina_files/trans.gif
Scary Shadow Spot - Vaso Amargo,https://store.steampowered.com./pagina_files/trans.gif
Skufs VS Quadrobers,https://store.steampowered.com./pagina_files/trans.gif
A Nights Haunting: Source,https://store.steampowered.com./pagina_files/trans.gif
Doomed Brigade,https://store.steampowered.com./pagina_files/trans.gif
Winter Hubris,https://store.steampowered.com./pagina_files/trans.gif
Thesaurus,https://store.steampowered.com./pagina_files/trans.gif
Techno Banter - Original Soundtrack,https://store.steampowered.com./pagina_files/trans.gif
Techno Banter,https://store.steampowered.com./pagina_files/trans.gif
Infinity Fury,https://store.steampowered.com./pagina_files/trans.gif
Rogue Samurai: Prologue,https://store.steampowered.com./pagina_files/trans.gif
DEAD LETTER DEPT.,https://store.steampowered.com./pagina_files/trans.gif
SWIFT STRIDERS PARKOUR,https://store.steampowered.com./pagina_files/trans.gif
Hispania,https://store.steampowered.com./pagina_files/trans.gif
Chaos Faction Legacy Collection,https://store.steampowered.com./pagina_files/trans.gif
Decision Legacy Collection,https://store.steampowered.com./pagina_files/trans.gif
Luminatory,https://store.steampowered.com./pagina_files/trans.gif
Tiny Kingdom,https://store.steampowered.com./pagina_files/trans.gif
Marvel's Spider-Man 2,https://store.steampowered.com./pagina_files/trans.gif
Clutter 17: Flower Power - Collector's Edition,https://store.steampowered.com./pagina_files/trans.gif
Indicate,https://store.steampowered.com./pagina_files/trans.gif
Defender's Quest 2: Mists of Ruin,https://store.steampowered.com./pagina_files/trans.gif
Pizza Rogue: P.P.M.P.D.E.S.,https://store.steampowered.com./pagina_files/trans.gif
Quantum Joe,https://store.steampowered.com./pagina_files/trans.gif
Stronghold: Caverns of Sorcery,https://store.steampowered.com./pagina_files/trans.gif
